OM_ssb0,OM_ssb_R1_1990,OM_ssb_R1_1991,OM_ssb_R1_1992,OM_ssb_R1_1993,OM_ssb_R1_1994,OM_ssb_R1_1995,OM_ssb_R1_1996,OM_ssb_R1_1997,OM_ssb_R1_1998,OM_ssb_R1_1999,OM_ssb_R1_2000,OM_ssb_R1_2001,OM_ssb_R1_2002,OM_ssb_R1_2003,OM_ssb_R1_2004,OM_ssb_R1_2005,OM_ssb_R1_2006,OM_ssb_R1_2007,OM_ssb_R1_2008,OM_ssb_R1_2009,OM_ssb_R1_2010,OM_rec_R1_1990,OM_rec_R1_1991,OM_rec_R1_1992,OM_rec_R1_1993,OM_rec_R1_1994,OM_rec_R1_1995,OM_rec_R1_1996,OM_rec_R1_1997,OM_rec_R1_1998,OM_rec_R1_1999,OM_rec_R1_2000,OM_rec_R1_2001,OM_rec_R1_2002,OM_rec_R1_2003,OM_rec_R1_2004,OM_rec_R1_2005,OM_rec_R1_2006,OM_rec_R1_2007,OM_rec_R1_2008,OM_rec_R1_2009,OM_rec_R1_2010,AM_ssb0_,AM_ssb_1990,AM_ssb_1991,AM_ssb_1992,AM_ssb_1993,AM_ssb_1994,AM_ssb_1995,AM_ssb_1996,AM_ssb_1997,AM_ssb_1998,AM_ssb_1999,AM_ssb_2000,AM_ssb_2001,AM_ssb_2002,AM_ssb_2003,AM_ssb_2004,AM_ssb_2005,AM_ssb_2006,AM_ssb_2007,AM_ssb_2008,AM_ssb_2009,AM_ssb_2010,AM_rec_1990,AM_rec_1991,AM_rec_1992,AM_rec_1993,AM_rec_1994,AM_rec_1995,AM_rec_1996,AM_rec_1997,AM_rec_1998,AM_rec_1999,AM_rec_2000,AM_rec_2001,AM_rec_2002,AM_rec_2003,AM_rec_2004,AM_rec_2005,AM_rec_2006,AM_rec_2007,AM_rec_2008,AM_rec_2009,AM_rec_2010,SelLL_P1,SelLL_P2,SelLL_P3,Starting_AM_B0
57480.1052408897,57480.1052408897,56305.352178312,53681.021307492,50894.2160111857,48007.9236095257,45090.0174694126,42205.8920364593,39411.9545720956,36751.1575477315,34251.2284085794,31925.5191125664,29775.7561575094,27795.5974541607,25973.9200745437,24297.2851357358,22751.5795471977,21323.0139877162,19998.6580861445,18766.6712229475,17616.3530330496,16538.1026084753,1e+06,1e+06,998264.35371089,994136.956835766,989331.421679925,983823.922206029,977613.816261537,970724.749416893,963202.19223913,955107.159277217,946507.269459809,937467.490984271,928043.160497062,918276.654688934,908196.949199813,897820.491439894,887152.526271395,876188.447288881,864914.851747091,853310.135038493,841344.607116899,50000,50000,47072.1,44064.9,41033.1,38030.5,35105.6,32299.4,29643.9,27162.1,24869.4,22774.6,20881.3,19186.5,17680,16317.3,15095.1,13978.3,12922.6,11877.2,10788.1,9630.33,900279,808386,942794,995278,942957,924345,950946,1061690,988105,962423,871760,812435,741903,654500,293311,115414,69302.1,1881230,716948,700895,681844,14.3466,5.23449,9.69249,282816.739031114
