OM_ssb0,OM_ssb_R1_1990,OM_ssb_R1_1991,OM_ssb_R1_1992,OM_ssb_R1_1993,OM_ssb_R1_1994,OM_ssb_R1_1995,OM_ssb_R1_1996,OM_ssb_R1_1997,OM_ssb_R1_1998,OM_ssb_R1_1999,OM_ssb_R1_2000,OM_ssb_R1_2001,OM_ssb_R1_2002,OM_ssb_R1_2003,OM_ssb_R1_2004,OM_ssb_R1_2005,OM_ssb_R1_2006,OM_ssb_R1_2007,OM_ssb_R1_2008,OM_ssb_R1_2009,OM_ssb_R1_2010,OM_rec_R1_1990,OM_rec_R1_1991,OM_rec_R1_1992,OM_rec_R1_1993,OM_rec_R1_1994,OM_rec_R1_1995,OM_rec_R1_1996,OM_rec_R1_1997,OM_rec_R1_1998,OM_rec_R1_1999,OM_rec_R1_2000,OM_rec_R1_2001,OM_rec_R1_2002,OM_rec_R1_2003,OM_rec_R1_2004,OM_rec_R1_2005,OM_rec_R1_2006,OM_rec_R1_2007,OM_rec_R1_2008,OM_rec_R1_2009,OM_rec_R1_2010,AM_ssb0_,AM_ssb_1990,AM_ssb_1991,AM_ssb_1992,AM_ssb_1993,AM_ssb_1994,AM_ssb_1995,AM_ssb_1996,AM_ssb_1997,AM_ssb_1998,AM_ssb_1999,AM_ssb_2000,AM_ssb_2001,AM_ssb_2002,AM_ssb_2003,AM_ssb_2004,AM_ssb_2005,AM_ssb_2006,AM_ssb_2007,AM_ssb_2008,AM_ssb_2009,AM_ssb_2010,AM_rec_1990,AM_rec_1991,AM_rec_1992,AM_rec_1993,AM_rec_1994,AM_rec_1995,AM_rec_1996,AM_rec_1997,AM_rec_1998,AM_rec_1999,AM_rec_2000,AM_rec_2001,AM_rec_2002,AM_rec_2003,AM_rec_2004,AM_rec_2005,AM_rec_2006,AM_rec_2007,AM_rec_2008,AM_rec_2009,AM_rec_2010,SelLL_P1,SelLL_P2,SelLL_P3,Starting_AM_B0
202967.651547297,217966.230907292,218967.523693186,216525.022769626,211477.682674093,204819.764709532,195560.745721386,186008.483822209,176478.126914876,166174.780240292,156678.527877849,148376.19033747,140390.408178023,132529.615347927,125640.941964267,120051.379476368,115908.533320251,114684.665608942,113814.505755538,113519.213590156,113631.778977599,114562.003170206,15239032,12811946.6561792,16999733.4057546,17411280.3631748,13781728.6238446,26650917.1116687,13038976.4953674,15317912.5077979,15242875.1393398,18812921.9820312,11411530.5566914,11252922.9357625,14960997.8955737,12784478.1773588,13962104.1612426,15214195.7448294,18749250.1918682,11542640.7903827,16626623.9526223,11569227.0690002,14069636.4104703,198421,198421,195616,192495,189069,185371,181461,177421,173339,169301,165383,161642,158111,154801,151711,148834,148699,149081,149990,151418,153315,155595,15603600,15603600,15579700,15552300,15521400,15486800,15448900,15408200,15365400,15321300,15276600,15232300,15188700,15146300,15105300,15065800,15063900,15069300,15081800,15101400,15126800,0,0,0,0
