OM_ssb0,OM_ssb_R1_1990,OM_ssb_R1_1991,OM_ssb_R1_1992,OM_ssb_R1_1993,OM_ssb_R1_1994,OM_ssb_R1_1995,OM_ssb_R1_1996,OM_ssb_R1_1997,OM_ssb_R1_1998,OM_ssb_R1_1999,OM_ssb_R1_2000,OM_ssb_R1_2001,OM_ssb_R1_2002,OM_ssb_R1_2003,OM_ssb_R1_2004,OM_ssb_R1_2005,OM_ssb_R1_2006,OM_ssb_R1_2007,OM_ssb_R1_2008,OM_ssb_R1_2009,OM_ssb_R1_2010,OM_rec_R1_1990,OM_rec_R1_1991,OM_rec_R1_1992,OM_rec_R1_1993,OM_rec_R1_1994,OM_rec_R1_1995,OM_rec_R1_1996,OM_rec_R1_1997,OM_rec_R1_1998,OM_rec_R1_1999,OM_rec_R1_2000,OM_rec_R1_2001,OM_rec_R1_2002,OM_rec_R1_2003,OM_rec_R1_2004,OM_rec_R1_2005,OM_rec_R1_2006,OM_rec_R1_2007,OM_rec_R1_2008,OM_rec_R1_2009,OM_rec_R1_2010,AM_ssb0_,AM_ssb_1990,AM_ssb_1991,AM_ssb_1992,AM_ssb_1993,AM_ssb_1994,AM_ssb_1995,AM_ssb_1996,AM_ssb_1997,AM_ssb_1998,AM_ssb_1999,AM_ssb_2000,AM_ssb_2001,AM_ssb_2002,AM_ssb_2003,AM_ssb_2004,AM_ssb_2005,AM_ssb_2006,AM_ssb_2007,AM_ssb_2008,AM_ssb_2009,AM_ssb_2010,AM_rec_1990,AM_rec_1991,AM_rec_1992,AM_rec_1993,AM_rec_1994,AM_rec_1995,AM_rec_1996,AM_rec_1997,AM_rec_1998,AM_rec_1999,AM_rec_2000,AM_rec_2001,AM_rec_2002,AM_rec_2003,AM_rec_2004,AM_rec_2005,AM_rec_2006,AM_rec_2007,AM_rec_2008,AM_rec_2009,AM_rec_2010,SelLL_P1,SelLL_P2,SelLL_P3,Starting_AM_B0
203149.113743228,208671.482770644,209054.595505302,208788.312905194,207558.18823354,205596.134129838,203311.586269765,200693.709357618,196716.092945992,192674.797925038,189433.754334207,186488.085139997,183441.851343857,180560.186366106,177725.136475371,174037.810503447,170380.744347848,167270.86740533,164810.576156642,162384.359624161,160448.778721239,158124.022177325,14810850,14992913.9164306,16792130.7750326,12389842.675889,16891825.571341,15930507.4057904,17613859.8186421,14120982.3324396,18591819.0368221,10867636.300366,14620704.9606061,17127981.965776,10555565.6261199,15088436.2885508,9559312.48094183,13508004.7137414,16249364.2994345,13023186.6815623,14577901.8193784,14078790.2580369,11717993.5123151,298890,298890,297487,294109,290394,286373,282110,277692,273217,268783,264477,260369,256497,252876,249506,246380,243489,240820,238361,236100,234022,232118,19797300,19797300,19787300,19762800,19735400,19705000,19671900,19636600,19599900,19562500,19525100,19488300,19452800,19418700,19386100,19355300,19326100,19298700,19272900,19248800,19226300,0,0,0,0
