OM_ssb0,OM_ssb_R1_1990,OM_ssb_R1_1991,OM_ssb_R1_1992,OM_ssb_R1_1993,OM_ssb_R1_1994,OM_ssb_R1_1995,OM_ssb_R1_1996,OM_ssb_R1_1997,OM_ssb_R1_1998,OM_ssb_R1_1999,OM_ssb_R1_2000,OM_ssb_R1_2001,OM_ssb_R1_2002,OM_ssb_R1_2003,OM_ssb_R1_2004,OM_ssb_R1_2005,OM_ssb_R1_2006,OM_ssb_R1_2007,OM_ssb_R1_2008,OM_ssb_R1_2009,OM_ssb_R1_2010,OM_rec_R1_1990,OM_rec_R1_1991,OM_rec_R1_1992,OM_rec_R1_1993,OM_rec_R1_1994,OM_rec_R1_1995,OM_rec_R1_1996,OM_rec_R1_1997,OM_rec_R1_1998,OM_rec_R1_1999,OM_rec_R1_2000,OM_rec_R1_2001,OM_rec_R1_2002,OM_rec_R1_2003,OM_rec_R1_2004,OM_rec_R1_2005,OM_rec_R1_2006,OM_rec_R1_2007,OM_rec_R1_2008,OM_rec_R1_2009,OM_rec_R1_2010,AM_ssb0_,AM_ssb_1990,AM_ssb_1991,AM_ssb_1992,AM_ssb_1993,AM_ssb_1994,AM_ssb_1995,AM_ssb_1996,AM_ssb_1997,AM_ssb_1998,AM_ssb_1999,AM_ssb_2000,AM_ssb_2001,AM_ssb_2002,AM_ssb_2003,AM_ssb_2004,AM_ssb_2005,AM_ssb_2006,AM_ssb_2007,AM_ssb_2008,AM_ssb_2009,AM_ssb_2010,AM_rec_1990,AM_rec_1991,AM_rec_1992,AM_rec_1993,AM_rec_1994,AM_rec_1995,AM_rec_1996,AM_rec_1997,AM_rec_1998,AM_rec_1999,AM_rec_2000,AM_rec_2001,AM_rec_2002,AM_rec_2003,AM_rec_2004,AM_rec_2005,AM_rec_2006,AM_rec_2007,AM_rec_2008,AM_rec_2009,AM_rec_2010,SelLL_P1,SelLL_P2,SelLL_P3,Starting_AM_B0
202967.651547297,197651.330468977,196875.959108603,193723.996415584,191477.319682009,189524.533349978,187711.272532216,184616.880968201,180185.119695786,176974.212564176,172670.969619749,168119.209781606,164403.656980826,160837.364764041,159052.329692906,157063.102395655,155671.70580479,157205.480085401,157005.918144562,156984.620842304,155654.552752464,154002.730970456,20793625,10905763.9913005,19790909.8569467,14361634.3623647,17297599.6782335,32915098.0569747,7982734.64504816,13572848.2171296,10611423.8583024,12591441.7392966,15026273.9552726,21609553.2081626,11305439.1733176,15143722.2951625,9840569.53617185,17073220.1023347,14854091.2683968,15270932.4814983,19855970.871932,7819126.17485942,12025623.5118136,205729,205729,202924,199803,196377,192678,188766,184723,180637,176594,172670,168924,165390,162077,158986,156109,153437,150962,148672,146557,144607,142812,16178300,16178300,16154400,16127100,16096200,16061700,16024000,15983600,15941100,15897300,15853100,15809300,15766300,15724500,15684200,15645500,15608400,15573000,15539300,15507500,15477400,0,0,0,0
