OM_ssb0,OM_ssb_R1_1990,OM_ssb_R1_1991,OM_ssb_R1_1992,OM_ssb_R1_1993,OM_ssb_R1_1994,OM_ssb_R1_1995,OM_ssb_R1_1996,OM_ssb_R1_1997,OM_ssb_R1_1998,OM_ssb_R1_1999,OM_ssb_R1_2000,OM_ssb_R1_2001,OM_ssb_R1_2002,OM_ssb_R1_2003,OM_ssb_R1_2004,OM_ssb_R1_2005,OM_ssb_R1_2006,OM_ssb_R1_2007,OM_ssb_R1_2008,OM_ssb_R1_2009,OM_ssb_R1_2010,OM_rec_R1_1990,OM_rec_R1_1991,OM_rec_R1_1992,OM_rec_R1_1993,OM_rec_R1_1994,OM_rec_R1_1995,OM_rec_R1_1996,OM_rec_R1_1997,OM_rec_R1_1998,OM_rec_R1_1999,OM_rec_R1_2000,OM_rec_R1_2001,OM_rec_R1_2002,OM_rec_R1_2003,OM_rec_R1_2004,OM_rec_R1_2005,OM_rec_R1_2006,OM_rec_R1_2007,OM_rec_R1_2008,OM_rec_R1_2009,OM_rec_R1_2010,AM_ssb0_,AM_ssb_1990,AM_ssb_1991,AM_ssb_1992,AM_ssb_1993,AM_ssb_1994,AM_ssb_1995,AM_ssb_1996,AM_ssb_1997,AM_ssb_1998,AM_ssb_1999,AM_ssb_2000,AM_ssb_2001,AM_ssb_2002,AM_ssb_2003,AM_ssb_2004,AM_ssb_2005,AM_ssb_2006,AM_ssb_2007,AM_ssb_2008,AM_ssb_2009,AM_ssb_2010,AM_rec_1990,AM_rec_1991,AM_rec_1992,AM_rec_1993,AM_rec_1994,AM_rec_1995,AM_rec_1996,AM_rec_1997,AM_rec_1998,AM_rec_1999,AM_rec_2000,AM_rec_2001,AM_rec_2002,AM_rec_2003,AM_rec_2004,AM_rec_2005,AM_rec_2006,AM_rec_2007,AM_rec_2008,AM_rec_2009,AM_rec_2010,SelLL_P1,SelLL_P2,SelLL_P3,Starting_AM_B0
202967.651547297,255461.315148968,250908.319527056,244389.104833279,237659.087833154,230277.750488188,222961.774863547,217233.939670692,212291.464048136,207997.881957396,202861.727408932,198449.796249835,195193.979522611,190624.823047457,186127.883700091,181302.805857507,176894.233265168,173344.351140801,169135.067096547,165138.806485166,161685.771183285,160211.317965223,20825136,12825967.2753528,15095926.8288327,14049856.2210383,9785377.51107166,23052092.7932818,13336954.5235762,11779985.898306,16295467.5644609,25681393.954065,12193792.3679837,10280594.7728988,14335199.5305088,10922457.3415485,16488897.2569094,12543006.4115479,8422310.12165683,29074688.7142357,20439644.6862689,15635830.893453,14124436.9398703,202777,202777,199971,196850,193424,189725,185814,181772,177688,173647,169725,165982,162449,159138,156047,153171,150499,148024,145734,143618,141666,139870,15946100,15946100,15922200,15894800,15863900,15829400,15791600,15751100,15708500,15664600,15620200,15576100,15533000,15491000,15450400,15411300,15373900,15338200,15304300,15272100,15241700,0,0,0,0
