OM_ssb0,OM_ssb_R1_1990,OM_ssb_R1_1991,OM_ssb_R1_1992,OM_ssb_R1_1993,OM_ssb_R1_1994,OM_ssb_R1_1995,OM_ssb_R1_1996,OM_ssb_R1_1997,OM_ssb_R1_1998,OM_ssb_R1_1999,OM_ssb_R1_2000,OM_ssb_R1_2001,OM_ssb_R1_2002,OM_ssb_R1_2003,OM_ssb_R1_2004,OM_ssb_R1_2005,OM_ssb_R1_2006,OM_ssb_R1_2007,OM_ssb_R1_2008,OM_ssb_R1_2009,OM_ssb_R1_2010,OM_rec_R1_1990,OM_rec_R1_1991,OM_rec_R1_1992,OM_rec_R1_1993,OM_rec_R1_1994,OM_rec_R1_1995,OM_rec_R1_1996,OM_rec_R1_1997,OM_rec_R1_1998,OM_rec_R1_1999,OM_rec_R1_2000,OM_rec_R1_2001,OM_rec_R1_2002,OM_rec_R1_2003,OM_rec_R1_2004,OM_rec_R1_2005,OM_rec_R1_2006,OM_rec_R1_2007,OM_rec_R1_2008,OM_rec_R1_2009,OM_rec_R1_2010,AM_ssb0_,AM_ssb_1990,AM_ssb_1991,AM_ssb_1992,AM_ssb_1993,AM_ssb_1994,AM_ssb_1995,AM_ssb_1996,AM_ssb_1997,AM_ssb_1998,AM_ssb_1999,AM_ssb_2000,AM_ssb_2001,AM_ssb_2002,AM_ssb_2003,AM_ssb_2004,AM_ssb_2005,AM_ssb_2006,AM_ssb_2007,AM_ssb_2008,AM_ssb_2009,AM_ssb_2010,AM_rec_1990,AM_rec_1991,AM_rec_1992,AM_rec_1993,AM_rec_1994,AM_rec_1995,AM_rec_1996,AM_rec_1997,AM_rec_1998,AM_rec_1999,AM_rec_2000,AM_rec_2001,AM_rec_2002,AM_rec_2003,AM_rec_2004,AM_rec_2005,AM_rec_2006,AM_rec_2007,AM_rec_2008,AM_rec_2009,AM_rec_2010,SelLL_P1,SelLL_P2,SelLL_P3,Starting_AM_B0
202967.651547297,219264.672912574,218411.92212564,216774.941950366,214260.845839067,212300.194614908,209685.858401124,206541.427275176,203888.007876511,199864.033496837,196286.44437658,191736.252717888,188271.244828788,184744.103645232,181984.851753899,180862.410738063,179074.639138087,177376.554759631,175409.822362075,174333.177352817,172508.228948936,169600.83786669,18499578,12269958.0373101,25291640.7398781,23199622.0746522,11070620.1772671,14680420.8553621,15743827.6747276,19112505.6534045,18021142.1448714,13862489.3017703,12345332.7110935,9917156.73409629,18398045.6383013,16027844.0226174,12649057.1940437,14313201.4956374,14116368.9908215,17426960.9063793,12098579.9447289,11633574.0139678,14004031.2689428,219923,219923,217117,213997,210571,206870,202955,198906,194812,190759,186826,183072,179529,176211,173115,170236,167564,165091,162804,160693,158748,156960,17294400,17294400,17270500,17243300,17212500,17178300,17140900,17100800,17058800,17015700,16972300,16929300,16887300,16846700,16807500,16770000,16734200,16700200,16667900,16637400,16608700,0,0,0,0
